{"algo": 1, "0": {"level": 0.9735423227371018, "ratio": 1.565570212799349, "attack": 0.04506100567381421, "decay": 0.49877032134600574, "sustain": 0.9707230867456381, "release": 1.2258694465417856}, "1": {"level": 0.31, "ratio": 4.297640945179087, "attack": 0.09322682113296371, "decay": 0.4453875023838877, "sustain": 0.925413811257325, "release": 0.9730399778238703}, "2": {"level": 0.16513116075655043, "ratio": 0.8120012955029087, "attack": 0.02467003181261266, "decay": 0.24491897063802415, "sustain": 0.9350191121746595, "release": 0.9450955795135926}, "3": {"level": 0.86, "ratio": 2.0098498572027728, "attack": 0.08392147856870501, "decay": 0.2510514045535406, "sustain": 0.9974496422499763, "release": 0.8227308389379665}, "4": {"level": 0.08, "ratio": 5.974381379892805, "attack": 0.001982229508054634, "decay": 0.40844942281033236, "sustain": 0.613400368197402, "release": 1.3995742877166364}, "5": {"level": 0.04, "ratio": 0.8854901828048318, "attack": 0.05070211887108153, "decay": 0.27037043207660966, "sustain": 0.0247496722030226, "release": 1.074919578270693}}