{"algo": 9, "0": {"level": 0.45824596601210976, "ratio": 4.5, "attack": 0.05196638994629726, "decay": 0.30935568855293794, "sustain": 0.7396412583987597, "release": 0.9938371283670306}, "1": {"level": 0.15, "ratio": 2.0, "attack": 0.09046690433362764, "decay": 0.33012747117705105, "sustain": 0.628429267398588, "release": 0.8149416780811051}, "2": {"level": 0.11637589307394502, "ratio": 2.1295429087762665, "attack": 0.0851214653691989, "decay": 0.19861621176672692, "sustain": 0.2893113187602273, "release": 1.25}, "3": {"level": 0.97, "ratio": 4.0, "attack": 0.09836782884775022, "decay": 0.14224133187925625, "sustain": 0.8167137599400113, "release": 1.31}, "4": {"level": 0.45, "ratio": 2.0, "attack": 0.040066994666740054, "decay": 0.4147399371623198, "sustain": 0.985856274886941, "release": 1.2919999999999998}, "5": {"level": 0.27, "ratio": 1.0, "attack": 0.098, "decay": 0.3737506419411243, "sustain": 0.6, "release": 1.3773221707214114}}