{"algo": 8, "0": {"level": 0.01604811394571537, "ratio": 1.51, "attack": 0.08479840747120673, "decay": 0.4600000000000001, "sustain": 0.5228193173754018, "release": 1.28588814689549}, "1": {"level": 0.7640417052117675, "ratio": 6.0, "attack": 0.0326698242651259, "decay": 0.476, "sustain": 0.692282785313259, "release": 1.232}, "2": {"level": 0.5651792240587357, "ratio": 5.0, "attack": 0.03970282399994222, "decay": 0.3404635358999908, "sustain": 0.2, "release": 1.244}, "3": {"level": 0.13, "ratio": 5.5, "attack": 0.09998379659971401, "decay": 0.396, "sustain": 0.9209823275856519, "release": 1.3039999999999998}, "4": {"level": 0.3493556684867074, "ratio": 2.5, "attack": 0.057788945645770196, "decay": 0.4680000000000001, "sustain": 0.1455089742241399, "release": 1.319338042042005}, "5": {"level": 0.13, "ratio": 4.0, "attack": 0.0722559030666315, "decay": 0.4944103616600297, "sustain": 0.17509290094513885, "release": 1.294501260326413}}