{"algo": 7, "0": {"level": 0.3230618806117177, "ratio": 0.885, "attack": 0.01955783042505399, "decay": 0.392, "sustain": 0.5753186779426276, "release": 1.1770575604391527}, "1": {"level": 0.02490279680184171, "ratio": 1.05, "attack": 0.029628052886841207, "decay": 0.4404858614767956, "sustain": 0.24654052941681726, "release": 0.9735867912561365}, "2": {"level": 0.12, "ratio": 4.955, "attack": 0.05506209490212688, "decay": 0.476, "sustain": 0.10560332969814057, "release": 1.2900282559640068}, "3": {"level": 0.08, "ratio": 1.215, "attack": 0.036098445650289024, "decay": 0.2602679786669602, "sustain": 0.7868498429057994, "release": 1.3915137649321645}, "4": {"level": 0.03, "ratio": 1.215, "attack": 0.04267463997580309, "decay": 0.4945094349861173, "sustain": 0.6843766048528107, "release": 0.9851023236849932}, "5": {"level": 0.4, "ratio": 1.105, "attack": 0.07514120019617437, "decay": 0.4309348568989474, "sustain": 0.7224744887909799, "release": 1.0685733824852406}}