{"algo": 1, "0": {"level": 0.11291570189443623, "ratio": 5.0, "attack": 0.009660583318435268, "decay": 0.16654549831729903, "sustain": 0.8074497520247557, "release": 1.3686163545340944}, "1": {"level": 0.4332315025514858, "ratio": 3.0, "attack": 0.024548187614075512, "decay": 0.20988135678623082, "sustain": 0.6172527709741663, "release": 0.9070762464324352}, "2": {"level": 0.11948250433077712, "ratio": 3.0, "attack": 0.01649378065796322, "decay": 0.35948993248649086, "sustain": 0.821055674361497, "release": 1.2665068336252396}, "3": {"level": 0.48013339022434753, "ratio": 2.5, "attack": 0.043471054899443445, "decay": 0.10200342996373934, "sustain": 0.7125732007896374, "release": 0.9989943335812973}, "4": {"level": 0.31942323776053394, "ratio": 1.0, "attack": 0.04480559260010161, "decay": 0.33313958692023765, "sustain": 0.390586941842884, "release": 1.3217273272384418}, "5": {"level": 0.6733532167485129, "ratio": 2.0, "attack": 0.05253538488765902, "decay": 0.46421352705863905, "sustain": 0.5201096943214129, "release": 1.1612629212433696}}