{"algo": 9, "0": {"level": 0.08, "ratio": 2.0, "attack": 0.015823204361339605, "decay": 0.46824801525338156, "sustain": 0.49576027447993465, "release": 1.336086174434758}, "1": {"level": 0.09, "ratio": 2.0, "attack": 0.027169263005338375, "decay": 0.29303781867654577, "sustain": 0.4998800088671864, "release": 0.8997854284467672}, "2": {"level": 0.49, "ratio": 4.0, "attack": 0.013576057121482011, "decay": 0.31651699717323495, "sustain": 0.3492305169900286, "release": 1.0326921619023193}, "3": {"level": 0.17, "ratio": 3.5, "attack": 0.009865127480535352, "decay": 0.4895930302595308, "sustain": 0.829066522682591, "release": 1.3232080564029385}, "4": {"level": 0.76, "ratio": 1.0, "attack": 0.03496379635687426, "decay": 0.1608048174046171, "sustain": 0.6082223166084164, "release": 1.3000712275178197}, "5": {"level": 0.1, "ratio": 1.0, "attack": 0.08620365518071563, "decay": 0.40984058231446796, "sustain": 0.9226435977748593, "release": 1.0059376108328189}}