{"algo": 1, "0": {"level": 0.6312263658659171, "ratio": 3.0, "attack": 0.0017213032801411511, "decay": 0.20232833338342507, "sustain": 0.14087467382710017, "release": 1.211483311643415}, "1": {"level": 0.25, "ratio": 5.0, "attack": 0.007000000000000001, "decay": 0.4718756391804714, "sustain": 0.15, "release": 0.9778696239763158}, "2": {"level": 0.3202334162002384, "ratio": 2.0, "attack": 0.010000000000000002, "decay": 0.23156642793825022, "sustain": 0.19, "release": 1.057700965060835}, "3": {"level": 0.10738332183834476, "ratio": 4.0, "attack": 0.009, "decay": 0.2943788997129344, "sustain": 0.22, "release": 1.0142384323620386}, "4": {"level": 0.15771538452006084, "ratio": 1.0, "attack": 0.013000000000000001, "decay": 0.2154190039607975, "sustain": 0.005008533489389677, "release": 1.2377782311393373}, "5": {"level": 0.4296440983149452, "ratio": 4.0, "attack": 0.007000000000000001, "decay": 0.16854684401005054, "sustain": 0.19, "release": 1.0162168311791784}}